{"WSR_0": {"WSR_0": 0.0, "WSR_1": 1056.0}, "WSR_1": {"WSR_0": 1056.0, "WSR_1": 0.0}, "WER_0": {"WER_0": 0.0, "WER_1": 1024.0, "WER_2": 1764.0, "WER_3": 2557.7669, "WER_4": 3072.00046, "WER_5": 4096.0, "WER_6": 5476.0, "WER_7": 11236.0}, "WER_1": {"WER_0": 1024.0, "WER_1": 0.0, "WER_2": 100.0, "WER_3": 345.00722, "WER_4": 548.76014, "WER_5": 1024.0, "WER_6": 1764.0, "WER_7": 5476.0}, "WER_2": {"WER_0": 1764.0, "WER_1": 100.0, "WER_2": 0.0, "WER_3": 73.51982, "WER_4": 180.24754, "WER_5": 484.0, "WER_6": 1024.0, "WER_7": 4096.0}, "WER_3": {"WER_0": 2557.7669, "WER_1": 345.00722, "WER_2": 73.51982, "WER_3": 0.0, "WER_4": 23.53472, "WER_5": 180.24754, "WER_6": 548.76014, "WER_7": 3072.00046}, "WER_4": {"WER_0": 3072.00046, "WER_1": 548.76014, "WER_2": 180.24754, "WER_3": 23.53472, "WER_4": 0.0, "WER_5": 73.51982, "WER_6": 345.00722, "WER_7": 2557.7669}, "WER_5": {"WER_0": 4096.0, "WER_1": 1024.0, "WER_2": 484.0, "WER_3": 180.24754, "WER_4": 73.51982, "WER_5": 0.0, "WER_6": 100.0, "WER_7": 1764.0}, "WER_6": {"WER_0": 5476.0, "WER_1": 1764.0, "WER_2": 1024.0, "WER_3": 548.76014, "WER_4": 345.00722, "WER_5": 100.0, "WER_6": 0.0, "WER_7": 1024.0}, "WER_7": {"WER_0": 11236.0, "WER_1": 5476.0, "WER_2": 4096.0, "WER_3": 3072.00046, "WER_4": 2557.7669, "WER_5": 1764.0, "WER_6": 1024.0, "WER_7": 0.0}, "WEL_0": {"WEL_0": 0.0, "WEL_1": 1024.0, "WEL_2": 1764.0, "WEL_3": 2332.0004, "WEL_4": 3330.35292, "WEL_5": 4096.0, "WEL_6": 5476.0, "WEL_7": 11236.0}, "WEL_1": {"WEL_0": 1024.0, "WEL_1": 0.0, "WEL_2": 100.0, "WEL_3": 265.38984, "WEL_4": 660.96348, "WEL_5": 1024.0, "WEL_6": 1764.0, "WEL_7": 5476.0}, "WEL_2": {"WEL_0": 1764.0, "WEL_1": 100.0, "WEL_2": 0.0, "WEL_3": 39.57404, "WEL_4": 246.77928, "WEL_5": 484.0, "WEL_6": 1024.0, "WEL_7": 4096.0}, "WEL_3": {"WEL_0": 2332.0004, "WEL_1": 265.38984, "WEL_2": 39.57404, "WEL_3": 0.0, "WEL_4": 88.70664, "WEL_5": 246.77928, "WEL_6": 660.96348, "WEL_7": 3330.35292}, "WEL_4": {"WEL_0": 3330.35292, "WEL_1": 660.96348, "WEL_2": 246.77928, "WEL_3": 88.70664, "WEL_4": 0.0, "WEL_5": 39.57404, "WEL_6": 265.38984, "WEL_7": 2332.0004}, "WEL_5": {"WEL_0": 4096.0, "WEL_1": 1024.0, "WEL_2": 484.0, "WEL_3": 246.77928, "WEL_4": 39.57404, "WEL_5": 0.0, "WEL_6": 100.0, "WEL_7": 1764.0}, "WEL_6": {"WEL_0": 5476.0, "WEL_1": 1764.0, "WEL_2": 1024.0, "WEL_3": 660.96348, "WEL_4": 265.38984, "WEL_5": 100.0, "WEL_6": 0.0, "WEL_7": 1024.0}, "WEL_7": {"WEL_0": 11236.0, "WEL_1": 5476.0, "WEL_2": 4096.0, "WEL_3": 3330.35292, "WEL_4": 2332.0004, "WEL_5": 1764.0, "WEL_6": 1024.0, "WEL_7": 0.0}, "WNL_0": {"WNL_0": 0.0, "WNL_1": 1032.57437, "WNL_2": 1297.99984, "WNL_3": 1779.70921, "WNL_4": 2354.0004, "WNL_5": 2837.12522, "WNL_6": 3104.00046, "WNL_7": 4160.0}, "WNL_1": {"WNL_0": 1032.57437, "WNL_1": 0.0, "WNL_2": 17.43955, "WNL_3": 107.13484, "WNL_4": 278.81547, "WNL_5": 460.55085, "WNL_6": 572.18577, "WNL_7": 1079.42563}, "WNL_2": {"WNL_0": 1297.99984, "WNL_1": 17.43955, "WNL_2": 0.0, "WNL_3": 42.22753, "WNL_4": 165.1573, "WNL_5": 310.39838, "WNL_6": 403.23574, "WNL_7": 844.028}, "WNL_3": {"WNL_0": 1779.70921, "WNL_1": 107.13484, "WNL_2": 42.22753, "WNL_3": 0.0, "WNL_4": 45.86483, "WNL_5": 133.41601, "WNL_6": 196.53833, "WNL_7": 532.29079}, "WNL_4": {"WNL_0": 2354.0004, "WNL_1": 278.81547, "WNL_2": 165.1573, "WNL_3": 45.86483, "WNL_4": 0.0, "WNL_5": 28.30188, "WNL_6": 60.90594, "WNL_7": 288.77928}, "WNL_5": {"WNL_0": 2837.12522, "WNL_1": 460.55085, "WNL_2": 310.39838, "WNL_3": 133.41601, "WNL_4": 28.30188, "WNL_5": 0.0, "WNL_6": 9.75846, "WNL_7": 156.87478}, "WNL_6": {"WNL_0": 3104.00046, "WNL_1": 572.18577, "WNL_2": 403.23574, "WNL_3": 196.53833, "WNL_4": 60.90594, "WNL_5": 9.75846, "WNL_6": 0.0, "WNL_7": 105.51982}, "WNL_7": {"WNL_0": 4160.0, "WNL_1": 1079.42563, "WNL_2": 844.028, "WNL_3": 532.29079, "WNL_4": 288.77928, "WNL_5": 156.87478, "WNL_6": 105.51982, "WNL_7": 0.0}, "NWR_0": {"NWR_0": 0.0, "NWR_1": 1056.0}, "NWR_1": {"NWR_0": 1056.0, "NWR_1": 0.0}, "NSR_0": {"NSR_0": 0.0, "NSR_1": 32.0, "NSR_2": 42.0, "NSR_3": 50.57437, "NSR_4": 55.42563, "NSR_5": 64.0, "NSR_6": 74.0, "NSR_7": 106.0}, "NSR_1": {"NSR_0": 32.0, "NSR_1": 0.0, "NSR_2": 10.0, "NSR_3": 18.57437, "NSR_4": 23.42563, "NSR_5": 32.0, "NSR_6": 42.0, "NSR_7": 74.0}, "NSR_2": {"NSR_0": 42.0, "NSR_1": 10.0, "NSR_2": 0.0, "NSR_3": 8.57437, "NSR_4": 13.42563, "NSR_5": 22.0, "NSR_6": 32.0, "NSR_7": 64.0}, "NSR_3": {"NSR_0": 50.57437, "NSR_1": 18.57437, "NSR_2": 8.57437, "NSR_3": 0.0, "NSR_4": 4.85126, "NSR_5": 13.42563, "NSR_6": 23.42563, "NSR_7": 55.42563}, "NSR_4": {"NSR_0": 55.42563, "NSR_1": 23.42563, "NSR_2": 13.42563, "NSR_3": 4.85126, "NSR_4": 0.0, "NSR_5": 8.57437, "NSR_6": 18.57437, "NSR_7": 50.57437}, "NSR_5": {"NSR_0": 64.0, "NSR_1": 32.0, "NSR_2": 22.0, "NSR_3": 13.42563, "NSR_4": 8.57437, "NSR_5": 0.0, "NSR_6": 10.0, "NSR_7": 42.0}, "NSR_6": {"NSR_0": 74.0, "NSR_1": 42.0, "NSR_2": 32.0, "NSR_3": 23.42563, "NSR_4": 18.57437, "NSR_5": 10.0, "NSR_6": 0.0, "NSR_7": 32.0}, "NSR_7": {"NSR_0": 106.0, "NSR_1": 74.0, "NSR_2": 64.0, "NSR_3": 55.42563, "NSR_4": 50.57437, "NSR_5": 42.0, "NSR_6": 32.0, "NSR_7": 0.0}, "NSL_0": {"NSL_0": 0.0, "NSL_1": 32.0, "NSL_2": 42.0, "NSL_3": 48.29079, "NSL_4": 57.70921, "NSL_5": 64.0, "NSL_6": 74.0, "NSL_7": 106.0}, "NSL_1": {"NSL_0": 32.0, "NSL_1": 0.0, "NSL_2": 10.0, "NSL_3": 16.29079, "NSL_4": 25.70921, "NSL_5": 32.0, "NSL_6": 42.0, "NSL_7": 74.0}, "NSL_2": {"NSL_0": 42.0, "NSL_1": 10.0, "NSL_2": 0.0, "NSL_3": 6.29079, "NSL_4": 15.70921, "NSL_5": 22.0, "NSL_6": 32.0, "NSL_7": 64.0}, "NSL_3": {"NSL_0": 48.29079, "NSL_1": 16.29079, "NSL_2": 6.29079, "NSL_3": 0.0, "NSL_4": 9.41842, "NSL_5": 15.70921, "NSL_6": 25.70921, "NSL_7": 57.70921}, "NSL_4": {"NSL_0": 57.70921, "NSL_1": 25.70921, "NSL_2": 15.70921, "NSL_3": 9.41842, "NSL_4": 0.0, "NSL_5": 6.29079, "NSL_6": 16.29079, "NSL_7": 48.29079}, "NSL_5": {"NSL_0": 64.0, "NSL_1": 32.0, "NSL_2": 22.0, "NSL_3": 15.70921, "NSL_4": 6.29079, "NSL_5": 0.0, "NSL_6": 10.0, "NSL_7": 42.0}, "NSL_6": {"NSL_0": 74.0, "NSL_1": 42.0, "NSL_2": 32.0, "NSL_3": 25.70921, "NSL_4": 16.29079, "NSL_5": 10.0, "NSL_6": 0.0, "NSL_7": 32.0}, "NSL_7": {"NSL_0": 106.0, "NSL_1": 74.0, "NSL_2": 64.0, "NSL_3": 57.70921, "NSL_4": 48.29079, "NSL_5": 42.0, "NSL_6": 32.0, "NSL_7": 0.0}, "NEL_0": {"NEL_0": 0.0, "NEL_1": 105.51982, "NEL_2": 156.87478, "NEL_3": 288.77928, "NEL_4": 532.29079, "NEL_5": 844.028, "NEL_6": 1079.42563, "NEL_7": 4160.0}, "NEL_1": {"NEL_0": 105.51982, "NEL_1": 0.0, "NEL_2": 9.75846, "NEL_3": 60.90594, "NEL_4": 196.53833, "NEL_5": 403.23574, "NEL_6": 572.18577, "NEL_7": 3104.00046}, "NEL_2": {"NEL_0": 156.87478, "NEL_1": 9.75846, "NEL_2": 0.0, "NEL_3": 28.30188, "NEL_4": 133.41601, "NEL_5": 310.39838, "NEL_6": 460.55085, "NEL_7": 2837.12522}, "NEL_3": {"NEL_0": 288.77928, "NEL_1": 60.90594, "NEL_2": 28.30188, "NEL_3": 0.0, "NEL_4": 45.86483, "NEL_5": 165.1573, "NEL_6": 278.81547, "NEL_7": 2354.0004}, "NEL_4": {"NEL_0": 532.29079, "NEL_1": 196.53833, "NEL_2": 133.41601, "NEL_3": 45.86483, "NEL_4": 0.0, "NEL_5": 42.22753, "NEL_6": 107.13484, "NEL_7": 1779.70921}, "NEL_5": {"NEL_0": 844.028, "NEL_1": 403.23574, "NEL_2": 310.39838, "NEL_3": 165.1573, "NEL_4": 42.22753, "NEL_5": 0.0, "NEL_6": 17.43955, "NEL_7": 1297.99984}, "NEL_6": {"NEL_0": 1079.42563, "NEL_1": 572.18577, "NEL_2": 460.55085, "NEL_3": 278.81547, "NEL_4": 107.13484, "NEL_5": 17.43955, "NEL_6": 0.0, "NEL_7": 1032.57437}, "NEL_7": {"NEL_0": 4160.0, "NEL_1": 3104.00046, "NEL_2": 2837.12522, "NEL_3": 2354.0004, "NEL_4": 1779.70921, "NEL_5": 1297.99984, "NEL_6": 1032.57437, "NEL_7": 0.0}, "ENR_0": {"ENR_0": 0.0, "ENR_1": 1056.0}, "ENR_1": {"ENR_0": 1056.0, "ENR_1": 0.0}, "EWR_0": {"EWR_0": 0.0, "EWR_1": 1024.0, "EWR_2": 1764.0, "EWR_3": 2557.7669, "EWR_4": 3072.00046, "EWR_5": 4096.0, "EWR_6": 5476.0, "EWR_7": 11236.0}, "EWR_1": {"EWR_0": 1024.0, "EWR_1": 0.0, "EWR_2": 100.0, "EWR_3": 345.00722, "EWR_4": 548.76014, "EWR_5": 1024.0, "EWR_6": 1764.0, "EWR_7": 5476.0}, "EWR_2": {"EWR_0": 1764.0, "EWR_1": 100.0, "EWR_2": 0.0, "EWR_3": 73.51982, "EWR_4": 180.24754,